{"stats":{"minecraft:used":{"minecraft:spruce_log":245,"minecraft:stone_brick_wall":150,"minecraft:spruce_slab":16,"minecraft:stone_brick_slab":36,"minecraft:spruce_hanging_sign":20,"minecraft:smooth_quartz":311,"minecraft:spruce_planks":122,"minecraft:bricks":63,"minecraft:ladder":17,"minecraft:brick_slab":93,"minecraft:spruce_stairs":2,"minecraft:barrel":27},"minecraft:custom":{"minecraft:time_since_rest":42558,"minecraft:walk_one_cm":8584,"minecraft:leave_game":3,"minecraft:damage_taken":320,"minecraft:play_time":49476,"minecraft:jump":47,"minecraft:time_since_death":42477,"minecraft:open_barrel":3,"minecraft:sprint_one_cm":3354,"minecraft:total_world_time":64763,"minecraft:fly_one_cm":182347,"minecraft:crouch_one_cm":62,"minecraft:sneak_time":1781,"minecraft:deaths":1}},"DataVersion":4440}